-- Data populated using ChatGPT. Link below --
-- https://chat.openai.com/share/e697118c-b0c4-4f31-8ec5-1f19ec828755 --

INSERT INTO Student (student_id, full_name, email, grad_year, primary_major, secondary_major, minors)
VALUES
  (0, 'Joe Jackson', 'joej@whitman.edu', '2025', 'Computer Science', NULL, 'English'),
  (1, 'Alice Ferguson', 'alicef@whitman.edu', '2024', 'BBMB', 'Chinese', 'Mathematics'),
  (2, 'Maria Smith', 'marias@whitman.edu', '2026', 'Psychology', 'Computer Science', 'Sociology'),
  (3, 'Liam Chen', 'liamc@whitman.edu', '2024', 'Chinese', 'Film and Media Studies', 'English'),
  (4, 'Sophia Johnson', 'sophiaj@whitman.edu', '2025', 'English', NULL, 'History'),
  (5, 'Gabriel Paris-Moe', 'parismog@whitman.edu', '2024', 'Computer Science', NULL, 'Economics'),
  (6, 'Eva Martinez', 'evam@whitman.edu', '2025', 'Environmental Studies', NULL, 'Sociology'),
  (7, 'Daniel Kim', 'danik@whitman.edu', '2026', 'Biology', 'Chemistry', NULL),
  (8, 'Olivia Brown', 'oliviab@whitman.edu', '2024', 'History', NULL, 'Politics'),
  (9, 'Max Rodriguez', 'maxr@whitman.edu', '2025', 'Economics', NULL, 'Spanish'),
  (10, 'Emily Nguyen', 'emilyn@whitman.edu', '2026', 'Mathematics', 'Computer Science', NULL),
  (11, 'Isabella Garcia', 'isabellag@whitman.edu', '2024', 'Chemistry', NULL, 'French'),
  (12, 'Aiden Taylor', 'aident@whitman.edu', '2025', 'Art History', NULL, 'Anthropology'),
  (13, 'Mia Sullivan', 'mias@whitman.edu', '2026', 'English', 'Spanish', 'Philosophy'),
  (14, 'Noah Martinez', 'noahm@whitman.edu', '2024', 'Sociology', NULL, 'Psychology'),
  (15, 'Emma Anderson', 'emmaa@whitman.edu', '2025', 'Physics', 'Mathematics', NULL),
  (16, 'Ava Wilson', 'avaw@whitman.edu', '2026', 'Politics', 'Economics', NULL),
  (17, 'Alexander Lee', 'alexl@whitman.edu', '2024', 'Philosophy', NULL, 'Sociology'),
  (18, 'Sophie Thomas', 'sophiet@whitman.edu', '2025', 'French', 'Art History', NULL),
  (19, 'James White', 'jamesw@whitman.edu', '2026', 'Anthropology', 'Sociology', NULL),
  (20, 'Charlotte Hall', 'charlotteh@whitman.edu', '2024', 'Music', NULL, 'Drama/Theater'),
  (21, 'Logan Garcia', 'logang@whitman.edu', '2025', 'Geology', NULL, 'Environmental Studies'),
  (22, 'Harper Martinez', 'harperm@whitman.edu', '2026', 'Drama/Theater', 'Film and Media Studies', NULL),
  (23, 'Molly Halverson', 'halversm@whitman.edu', '2024', 'Computer Science', NULL, 'Economics'),
  (24, 'Evelyn Nguyen', 'evelynn@whitman.edu', '2025', 'Archaeology', NULL, 'History'),
  (25, 'William Johnson', 'williamj@whitman.edu', '2026', 'Spanish', NULL, 'French'),
  (26, 'Grace Lee', 'gracel@whitman.edu', '2024', 'Chemistry', 'Psychology', NULL),
  (27, 'Lucas Taylor', 'lucast@whitman.edu', '2025', 'Mathematics', NULL, 'Statistics'),
  (28, 'Lily Wilson', 'lilyw@whitman.edu', '2026', 'Politics', 'History', 'French'),
  (29, 'Benjamin Anderson', 'benjamina@whitman.edu', '2024', 'Chemistry', NULL, 'BBMB'),
  (30, 'Chloe Martin', 'chloem@whitman.edu', '2025', 'Anthropology', NULL, 'Sociology'),
  (31, 'Zoe Hall', 'zoeh@whitman.edu', '2026', 'Drama/Theater', NULL, 'English'),
  (32, 'Nathan Scott', 'nathans@whitman.edu', '2024', 'Physics', NULL, 'Astrophysics'),
  (33, 'Anna Thompson', 'annat@whitman.edu', '2025', 'Economics', 'Mathematics', 'Spanish'),
  (34, 'David Nguyen', 'davidn@whitman.edu', '2026', 'English', 'History', 'Literature'),
  (35, 'Mila Harris', 'milah@whitman.edu', '2024', 'Politics', 'Sociology', 'Gender Studies'),
  (36, 'Jack Walker', 'jackw@whitman.edu', '2025', 'Religion', NULL, 'Philosophy'),
  (37, 'Avery Rodriguez', 'averyr@whitman.edu', '2026', 'Environmental Studies', NULL, 'Biology'),
  (38, 'Natalie Evans', 'nataliee@whitman.edu', '2024', 'Art History', NULL, 'Chemistry'),
  (39, 'Leo Allen', 'leoa@whitman.edu', '2025', 'History', 'Politics', NULL),
  (40, 'Mason King', 'masonk@whitman.edu', '2026', 'Sociology', NULL, 'Psychology'),
  (41, 'Sofia Lewis', 'sofial@whitman.edu', '2024', 'Psychology', NULL, 'Sociology'),
  (42, 'Aria Perez', 'ariap@whitman.edu', '2025', 'Chemistry', NULL, 'Geology'),
  (43, 'Elijah Carter', 'elijahc@whitman.edu', '2026', 'Computer Science', 'Mathematics', 'Data Science'),
  (44, 'Aurora Wright', 'auroraw@whitman.edu', '2024', 'English', 'Politics', 'Journalism'),
  (45, 'Roman Garcia', 'romang@whitman.edu', '2025', 'Biology', 'Environmental Studies', 'Geology'),
  (46, 'Julia Hill', 'juliah@whitman.edu', '2026', 'Philosophy', NULL, 'Data Science'),
  (47, 'Ethan Perez', 'ethanp@whitman.edu', '2024', 'Music', NULL, 'Music Technology'),
  (48, 'Leah Scott', 'leahs@whitman.edu', '2025', 'Geology', NULL, 'Chemistry'),
  (49, 'Ian Johnson', 'ianj@whitman.edu', '2026', 'Political Science', NULL, 'English'),
  (50, 'Madison Clark', 'madisonc@whitman.edu', '2024', 'Mathematics', NULL, 'Computer Science');

INSERT INTO Department (dept_id, dept_name, dept_code)
VALUES
  (0, 'Computer Science', 'CS'),
  (1, 'Chinese', 'CHIN'),
  (2, 'Biology', 'BIOL'),
  (3, 'English', 'ENG'),
  (4, 'Psychology', 'PSYC'),
  (5, 'History', 'HIST'),
  (6, 'Mathematics', 'MATH'),
  (7, 'Chemistry', 'CHEM'),
  (8, 'Physics', 'PHYS'),
  (9, 'Economics', 'ECON'),
  (10, 'Politics', 'POL'),
  (11, 'Sociology', 'SOC'),
  (13, 'Anthropology', 'ANTH'),
  (14, 'Environmental Studies', 'ENVS'),
  (15, 'Philosophy', 'PHIL'),
  (16, 'Geology', 'GEOL'),
  (17, 'Music', 'MUS'),
  (18, 'Drama/Theater', 'DRAM'),
  (19, 'Film Studies', 'FILM'),
  (20, 'Art','ART'),
  (21, 'Astronomy','ASTRO'),
  (22, 'French', 'FRCH'),
  (23, 'Gender Studies','GDRS'),
  (24, 'German','GERM'),
  (25, 'Hispanic Studies','HISP'),
  (26, 'Indigeneity, Race & Ethnicity Studies', 'IRES'),
  (27, 'Japanese', 'JPN'),
  (28, 'Religion', 'RLGN'),
  (29, 'Rhetoric, Writing & Public Discourse', 'RWPD'),
  (30, 'Linguistics', 'LING'),
  (31, 'Anthropology', 'ANTH');

INSERT INTO Faculty (fac_id, full_name, email, phone, department_id, office)
VALUES
  (0, 'Emily Thompson', 'thompsone@whitman.edu', '5091234938', 0, 'Olin 101'),
  (1, 'Noah Wilson', 'wilsonn@whitman.edu', '4367890936', 1, 'Maxey 201'),
  (2, 'William Davis', 'davisw@whitman.edu', '5091234876', 2, 'Hall of Schience 301'),
  (3, 'Frances Rawls', 'rawlsf@whitman.edu', '5091234016', 4, '302'),
  (4, 'Dr. Michael Brown', 'brownm@whitman.edu', '1234567121', 1, 'A101'),
  (5, 'Prof. Emily Davis', 'davise@whitman.edu', '9876543385', 2, 'B205'),
  (6, 'Dr. David Clark', 'clarkd@whitman.edu', '8376592092', 3, 'C301'),
  (7, 'Alice Brown', 'browna@whitman.edu', '5551434789', 18, 'Maxey286'),
  (8, 'David White', 'whited@whitman.edu', '5556039821', 3, 'Reid057'),
  (9, 'Grace Miller', 'millegr@whitman.edu', '5559192817', 6, 'Olin488'),
  (10, 'Michael Davis', 'davism@whitman.edu', '5558438094', 25, 'Maxey209'),
  (11, 'Sophia Wilson', 'wilsons@whitman.edu', '5556967092', 5, 'Maxey425'),
  (12, 'Olivia Martinez', 'martino@whitman.edu', '5559425078', 22, 'Olin431'),
  (13, 'Liam Anderson', 'andersl@whitman.edu', '5556530845', 18, 'Hunter957'),
  (14, 'Emma Taylor', 'tayloem@whitman.edu', '5551302385', 5, 'Hall of Science186'),
  (15, 'Noah Thomas', 'thomasn@whitman.edu', '5554906241', 8, 'Olin064'),
  (16, 'Ava Jackson', 'jacksoa@whitman.edu', '5557357746', 6, 'Maxey235'),
  (17, 'James Harris', 'harrisj@whitman.edu', '5554597283', 5, 'Hall of Science879'),
  (18, 'Isabella Martin', 'martinm@whitman.edu', '5555398170', 17, 'Reid245'),
  (19, 'Mia Thompson', 'thompm@whitman.edu', '5554810543', 24, 'Olin187'),
  (20, 'Benjamin Garcia', 'garciab@whitman.edu', '5555949041', 25, 'Reid293'),
  (21, 'Charlotte Martinez', 'martinc@whitman.edu', '5557649147', 2, 'Maxey422'),
  (22, 'Elijah Robinson', 'robinse@whitman.edu', '5552120146', 2, 'Maxey043'),
  (23, 'Amelia Clark', 'clarka@whitman.edu', '5554759362', 14, 'Olin902'),
  (24, 'William Rodriguez', 'rodrigw@whitman.edu', '5558719634', 10, 'Reid578'),
  (25, 'Sophia Lewis', 'lewiss@whitman.edu', '5558425839', 25, 'Hunter169'),
  (26, 'Jacob Lee', 'leejac@whitman.edu', '5556839356', 0, 'Olin834'),
  (27, 'Harper Walker', 'walkeha@whitman.edu', '5557542957', 0, 'Hall of Science601'),
  (28, 'Ethan Hall', 'halle@whitman.edu', '5555196038', 5, 'Maxey247'),
  (29, 'Madison Allen', 'allenm@whitman.edu', '5553582104', 14, 'Maxey301'),
  (30, 'Abigail Scott', 'scotta@whitman.edu', '5551786790', 1, 'Maxey136'),
  (31, 'Alexander Perez', 'pereza@whitman.edu', '5559920486', 19, 'Maxey083'),
  (32, 'Ava Cooper', 'coopera@whitman.edu', '5559384971', 6, 'Hunter283'),
  (33, 'Daniel King', 'kingda@whitman.edu', '5557124208', 20, 'Maxey734'),
  (34, 'Ella Hill', 'hille@whitman.edu', '5552497658', 25, 'Olin185'),
  (35, 'Matthew Wright', 'wrighma@whitman.edu', '5556501249', 6, 'Reid984'),
  (36, 'Chloe Lopez', 'lopezch@whitman.edu', '5555962385', 7, 'Maxey860'),
  (37, 'Avery Baker', 'bakera@whitman.edu', '5552951672', 7, 'Olin475'),
  (38, 'Sofia Nelson', 'nelsofs@whitman.edu', '5558325098', 1, 'Maxey691'),
  (39, 'Jackson Carter', 'carterj@whitman.edu', '5556102085', 6, 'Reid341'),
  (40, 'Scarlett Perez', 'perezs@whitman.edu', '5551869570', 8, 'Maxey702'),
  (41, 'Lucas Martin', 'martinl@whitman.edu', '5558401639', 4, 'Reid973'),
  (42, 'Riley Adams', 'adamsr@whitman.edu', '5557208945', 6, 'Maxey267'),
  (43, 'Madelyn Stewart', 'stewama@whitman.edu', '5554217906', 4, 'Maxey427'),
  (44, 'Gabriel Watson', 'watsoga@whitman.edu', '5555786152', 17, 'Maxey975'),
  (45, 'Logan Wood', 'woodlo@whitman.edu', '5554716083', 4, 'Olin946'),
  (46, 'Nora Hill', 'hillno@whitman.edu', '5552804601', 23, 'Hall of Science271'),
  (47, 'Levi Moore', 'moorel@whitman.edu', '5556503798', 3, 'Olin241'),
  (48, 'Mila Rivera', 'riveram@whitman.edu', '5556141870', 25, 'Maxey782'),
  (49, 'Asher Ward', 'warda@whitman.edu', '5552859046', 10, 'Reid618'),
  (50, 'Penelope Brooks', 'brookpe@whitman.edu', '5559095174', 19, 'Olin985'),
  (51, 'Eliana Foster', 'fostere@whitman.edu', '5557198043', 9, 'Hall of Music632'),
  (52, 'Oscar Powell', 'powello@whitman.edu', '5553819560', 11, 'Hall of Science111'),
  (53, 'Zoe Watson', 'watsonz@whitman.edu', '5558402739', 31, 'Olin421'),
  (54, 'Isaac Cooper', 'cooperi@whitman.edu', '5555087129', 15, 'Maxey312'),
  (55, 'Hazel Richardson', 'richardsonh@whitman.edu', '5552876018', 21, 'Reid905'),
  (56, 'Ezra Patterson', 'pattersone@whitman.edu', '5556948207', 26, 'Olin718'),
  (57, 'Ivy Hughes', 'hughesi@whitman.edu', '5554813690', 27, 'Hall of Music408'),
  (58, 'Gavin Simmons', 'simmonsg@whitman.edu', '5558901762', 28, 'Hall of Science502'),
  (59, 'Luna Henderson', 'hendersonl@whitman.edu', '5553679420', 29, 'Olin307'),
  (60, 'Wyatt Cooper', 'cooperw@whitman.edu', '5556297184', 30, 'Maxey510'),
  (71, 'Mason Jenkins', 'jenkinsm@whitman.edu', '5552716058', 16, 'Olin623'),
  (72, 'Isla Coleman', 'colemani@whitman.edu', '5559103641', 31, 'Maxey824'),
  (73, 'Sawyer Rivera', 'riveras@whitman.edu', '5556578492', 10, 'Reid225'),
  (61, 'Aurora Diaz', 'diaza@whitman.edu', '5552049851', 10, 'Reid201');

INSERT INTO Club (club_id, club_name, descrip, budget, facultyadvisor_id, president)
VALUES
  (0, 'Robotics', 'A club dedicated to building robots.', 5000, 0, 0),
  (1, 'Chinese Culture Club', 'Explores and celebrates Chinese culture.', 3000, 1, 3),
  (20, 'Chess Club', 'A club for chess enthusiasts to gather and play.', 1000, 1, 1),
  (2, 'Photography Club', 'A club for photography lovers to share and learn.', 10000, 2, 3),
  (3, 'Debate Club', 'A club for students passionate about debating various topics.', 4000, 3, 2),
  (4, 'Environmental Club', 'Promotes environmental awareness and sustainability initiatives on campus.', 2000, 4, 5),
  (5, 'Dance Club', 'Offers dance classes, workshops, and performances for students of all skill levels.', 2500, 5, 7),
  (6, 'Literary Magazine Club', 'Publishes a literary magazine featuring student poetry, fiction, and artwork.', 1500, 6, 8),
  (7, 'Investment Club', 'Educates members about investing and financial markets through discussions and simulations.', 3000, 7, 10),
  (8, 'Film Club', 'Screens classic, independent, and foreign films for film enthusiasts.', 1800, 8, 12),
  (9, 'Volunteer Club', 'Organizes community service projects and volunteer opportunities for students.', 1200, 9, 14),
  (10, 'Gaming Club', 'Brings together gamers to play video games, board games, and tabletop RPGs.', 2200, 10, 16),
  (11, 'Model United Nations', 'Simulates United Nations sessions to promote diplomacy and global awareness.', 3500, 11, 18),
  (12, 'Music Ensemble Club', 'Provides opportunities for students to play instruments and perform in ensembles.', 2800, 12, 20),
  (13, 'Cooking Club', 'Hosts cooking workshops and events for students interested in culinary arts.', 2000, 13, 22),
  (14, 'Entrepreneurship Club', 'Supports aspiring entrepreneurs with workshops, networking events, and startup competitions.', 4000, 14, 24),
  (15, 'Fashion Club', 'Explores fashion trends, hosts fashion shows, and discusses industry topics.', 2500, 15, 26),
  (16, 'A Capella Group', 'Performs a cappella music at campus events and competitions.', 1800, 16, 28),
  (17, 'Cultural Diversity Club', 'Celebrates and promotes cultural diversity through events and discussions.', 1500, 17, 30),
  (18, 'Robot Soccer Club', 'Builds and competes with autonomous robots in soccer matches.', 3000, 18, 32),
  (19, 'Computer Science Club', 'Discuses computer seince topics that are not discussed in class.',1000,0,43);

INSERT INTO MeetingTimes (meeting_time)
VALUES
  ('MWF 08:00-08:50'),
  ('MWF 09:00-09:50'),
  ('MWF 10:00-10:50'),
  ('MWF 11:00-11:50'),
  ('MWF 12:00-12:50'),
  ('MWF 13:00-13:50'),
  ('MWF 14:00-14:50'),
  ('MWF 15:00-15:50'),
  ('MWF 16:00-16:50'),
  ('MWF 17:00-17:50'),
  ('MWF 18:00-18:50'),
  ('MWF 19:00-19:50'),
  ('MWF 20:00-20:50'),
  ('TTh 08:00-09:20'),
  ('TTh 09:30-10:50'),
  ('TTh 11:00-12:20'),
  ('TTh 12:30-13:50'),
  ('TTh 14:00-15:20'),
  ('TTh 15:30-16:50'),
  ('TTh 17:00-18:20'),
  ('TTh 18:30-19:50'),
  ('TTh 20:00-21:20'),
  ('MW 08:00-09:20'),
  ('MW 09:30-10:50'),
  ('MW 11:00-12:20'),
  ('MW 12:30-13:50'),
  ('MW 14:00-15:20'),
  ('MW 15:30-16:50'),
  ('MW 17:00-18:20'),
  ('MW 18:30-19:50'),
  ('MW 20:00-21:20'),
  ('F 08:00-08:50'),
  ('F 09:00-09:50'),
  ('F 10:00-10:50'),
  ('F 11:00-11:50'),
  ('F 12:00-12:50'),
  ('F 13:00-13:50'),
  ('F 14:00-14:50'),
  ('F 15:00-15:50'),
  ('M 19:00-22:00'),
  ('W 19:00-22:00'),
  ('T 19:00-22:00'),
  ('M 19:30-22:30'),
  ('W 19:30-22:30'),
  ('Th 19:00-22:00');


INSERT INTO Course (course_number, course_department, title)
VALUES
  (101, 0, 'Intro to Computer Science'),
  (102, 1, 'Intermediate Chinese'),
  (103, 3, 'English Literature'),
  (201, 2, 'Cell Biology'),
  (301, 5, 'American History'),
  (102, 0, 'Data Structures and Algorithms'),
  (210, 0, 'Database Management Systems'),
  (235, 0, 'Software Engineering'),
  (254, 0, 'Computer Networks'),
  (310, 0, 'Artificial Intelligence'),
  (340, 0, 'Web Development'),
  (385, 0, 'Cybersecurity'),
  (109, 1, 'Elementary Chinese'),
  (110, 1, 'Intermediate Chinese'),
  (111, 1, 'Advanced Chinese'),
  (112, 1, 'Chinese Calligraphy'),
  (101, 2, 'General Biology'),
  (124, 2, 'Cell Biology'),
  (140, 2, 'Genetics'),
  (200, 2, 'Ecology'),
  (130, 3, 'English Literature'),
  (150, 3, 'Creative Writing'),
  (244, 3, 'Shakespeare'),
  (218, 3, 'Poetry'),
  (386, 3, 'Modern Literature'),
  (122, 4, 'Introduction to Psychology'),
  (222, 4, 'Abnormal Psychology'),
  (256, 4, 'Cognitive Psychology'),
  (132, 5, 'World History'),
  (126, 5, 'European History'),
  (297, 5, 'Ancient History'),
  (124, 6, 'Calculus I'),
  (125, 6, 'Calculus II'),
  (260, 6, 'Linear Algebra'),
  (131, 7, 'General Chemistry'),
  (132, 7, 'Organic Chemistry'),
  (133, 7, 'Inorganic Chemistry'),
  (110, 8, 'General Physics'),
  (101, 8, 'Classical Mechanics'),
  (201, 8, 'Electromagnetism'),
  (201, 9, 'Microeconomics'),
  (202, 9, 'Macroeconomics'),
  (277, 9, 'International Economics'),
  (320, 9, 'Game Theory'),
  (210, 10, 'Introduction to Politics'),
  (231, 11, 'Introduction to Sociology'),
  (172, 13, 'Cultural Anthropology'),
  (245, 14, 'Environmental Science'),
  (143, 15, 'Introduction to Philosophy'),
  (388, 16, 'Geology 101'),
  (349, 17, 'Music Theory'),
  (312, 18, 'Introduction to Theater'),
  (166, 19, 'Film History'),
  (204, 20, 'Art History'),
  (107, 21, 'Introduction to Astronomy'),
  (354, 22, 'Beginner French'),
  (328, 23, 'Gender and Society'),
  (213, 24, 'German Language and Culture'),
  (182, 25, 'Hispanic Literature'),
  (397, 26, 'Indigenous Peoples of the Americas'),
  (273, 27, 'Japanese Language and Culture'),
  (309, 28, 'World Religions'),
  (168, 29, 'Introduction to Rhetoric'),
  (216, 30, 'Introduction to Linguistics');


INSERT INTO Sections (section_id, course_number, course_department, letter, meeting_time, room, instructor)
VALUES
  (1, 104, 4, 'A', 'MWF 13:00-13:50', 40, 4),
  (2, 105, 5, 'A', 'TTh 09:30-10:50', 30, 5),
  (3, 106, 6, 'A', 'MW 14:00-15:20', 21, 6),
  (4, 107, 7, 'A', 'TTh 14:00-15:20', 23, 7),
  (5, 108, 8, 'A', 'WF 12:30-13:50', 27, 8),
  (6, 109, 9, 'A', 'MWF 11:00-11:50', 1, 9),
  (7, 110, 10, 'A', 'TTh 11:00-12:20', 5, 10),
  (8, 201, 11, 'A', 'MW 09:30-10:50', 16, 11),
  (9, 210, 12, 'A', 'TTh 15:30-16:50', 11, 12),
  (10, 270, 13, 'A', 'WF 14:00-15:20', 17, 13),
  (11, 210, 12, 'B', 'MWF 08:00-08:50', 5, 14),
  (12, 215, 15, 'B', 'TTh 08:00-09:20', 15, 15),
  (13, 195, 16, 'B', 'MW 11:00-12:20', 18, 16),
  (14, 215, 15, 'A', 'TTh 17:00-18:20', 29, 17),
  (15, 350, 18, 'A', 'WF 15:00-16:20', 19, 18),
  (16, 310, 19, 'A', 'MWF 12:00-12:50', 5, 19),
  (17, 394, 20, 'A', 'TTh 12:30-13:50', 31, 20),
  (18, 380, 21, 'A', 'MW 17:00-18:20', 6, 21),
  (19, 495, 22, 'A', 'TTh 09:30-10:50', 35, 22),
  (20, 327, 23, 'A', 'MWF 14:00-14:50', 5, 23),
  (21, 306, 24, 'A', 'TTh 13:00-14:20', 36, 24),
  (22, 102, 25, 'A', 'MW 08:00-09:20', 8, 25),
  (23, 180, 26, 'A', 'TTh 15:30-16:50', 32, 26),
  (24, 333, 27, 'A', 'WF 11:00-12:20', 14, 27),
  (25, 356, 28, 'A', 'MWF 10:00-10:50', 33, 28),
  (26, 289, 29, 'A', 'TTh 14:00-15:20', 7, 29),
  (27, 234, 30, 'A', 'MW 15:30-16:50', 13, 30),
  (28, 190, 31, 'A', 'TTh 08:00-09:20', 9, 31),
  (29, 168, 32, 'A', 'WF 13:00-14:20', 22, 32),
  (30, 104, 33, 'A', 'MWF 09:00-09:50', 34, 33),
  (31, 134, 34, 'A', 'TTh 10:00-11:20', 50, 34),
  (32, 134, 34, 'B', 'TTh 10:00-11:20', 1, 34);


INSERT INTO Room (room_id, room_number, building)
VALUES
  (0, 101, 'OLIN'),
  (1, 102, 'MAXEY'),
  (2, 124, 'OLIN'), 
  (3, 103, 'HALL OF SCIENCE'),
  (4, 104, 'SHERWOOD'),
  (5, 105, 'HUNTER'),
  (6, 106, 'HALL OF MUSIC'),
  (7, 107, 'PENROSE'),
  (8, 108, 'BAKER FERGUSON FITNESS CENTER'),
  (9, 109, 'DANCE STUDIO'),
  (10, 110, 'FOUTS'),
  (11, 111, 'REID'),
  (13, 113, 'OLIN'),
  (14, 114, 'MAXEY'),
  (15, 115, 'HALL OF SCIENCE'),
  (16, 116, 'SHERWOOD'),
  (17, 117, 'HUNTER'),
  (18, 118, 'HALL OF MUSIC'),
  (19, 119, 'PENROSE'),
  (20, 120, 'BAKER FERGUSON FITNESS CENTER'),
  (21, 121, 'DANCE STUDIO'),
  (22, 122, 'FOUTS'),
  (23, 123, 'REID'),
  (25, 125, 'OLIN'),
  (26, 126, 'MAXEY'),
  (27, 127, 'HALL OF SCIENCE'),
  (28, 128, 'SHERWOOD'),
  (29, 129, 'HUNTER'),
  (30, 130, 'HALL OF MUSIC'),
  (31, 131, 'PENROSE'),
  (32, 132, 'BAKER FERGUSON FITNESS CENTER'),
  (33, 133, 'DANCE STUDIO'),
  (34, 134, 'FOUTS'),
  (35, 135, 'REID'),
  (37, 137, 'OLIN'),
  (38, 138, 'MAXEY'),
  (39, 139, 'HALL OF SCIENCE'),
  (40, 140, 'SHERWOOD'),
  (41, 201, 'HUNTER'),
  (42, 202, 'HALL OF MUSIC'),
  (43, 203, 'PENROSE'),
  (44, 204, 'BAKER FERGUSON FITNESS CENTER'),
  (45, 205, 'DANCE STUDIO'),
  (46, 206, 'FOUTS'),
  (47, 207, 'REID'),
  (48, 208, 'OTHER'),
  (49, 209, 'OLIN'),
  (50, 210, 'MAXEY');


INSERT INTO Major (title, department_id)
VALUES
  ('Computer Science', 0),
  ('Chinese', 1),
  ('Biology', 2),
  ('English', 3),
  ('Psychology', 4),
  ('History', 5),
  ('Mathematics', 5),
  ('Chemistry', 7),
  ('Physics', 8),
  ('Economics', 9),
  ('Politics', 10),
  ('Sociology', 11),
  ('Anthropology', 13),
  ('Environmental Studies', 14),
  ('Philosophy', 15),
  ('Geology', 16),
  ('Music', 17),
  ('Drama/Theater', 18),
  ('Film Studies', 19),
  ('Art', 20),
  ('Astronomy', 21),
  ('French', 22),
  ('Gender Studies', 23),
  ('German', 24),
  ('Hispanic Studies', 25),
  ('Indigeneity, Race & Ethnicity Studies', 26),
  ('Japanese', 27),
  ('Religion', 28),
  ('Rhetoric, Writing & Public Discourse', 29),
  ('Linguistics', 30),
  ('Communication Studies', 32),
  ('Criminal Justice', 33),
  ('Education', 34),
  ('Computer Engineering', 0),
  ('Industrial Engineering', 0),
  ('Materials Science', 0),
  ('Biomedical Engineering', 0),
  ('Robotics', 0),
  ('Oceanography', 2),
  ('Political Science', 10),
  ('Chemical Engineering', 7),
  ('Applied Physics', 8),
  ('International Relations', 10),
  ('Public Health', 14),
  ('Veterinary Science', 2),
  ('Forensic Science', 13),
  ('Kinesiology', 11),
  ('Fashion Design', 20),
  ('Hospitality Management', 20),
  ('Culinary Arts', 20),
  ('Graphic Design', 20),
  ('Journalism', 32),
  ('Urban Planning', 14),
  ('Social Work', 4),
  ('Human Resources', 9),
  ('Library Science', 34),
  ('Information Technology', 0),
  ('Nutrition', 14),
  ('Marketing', 9),
  ('Finance', 9),
  ('Management', 9),
  ('Industrial Design', 20),
  ('BBMB',2);


INSERT INTO StudentTakesSection (student, section_id)
VALUES
  (0, 5),
  (5, 2),
  (6, 3),
  (7, 4),
  (8, 5),
  (9, 6),
  (10, 7),
  (11, 8),
  (12, 9),
  (13, 10),
  (14, 11),
  (15, 12),
  (16, 13),
  (17, 14),
  (18, 15),
  (19, 16),
  (20, 17),
  (21, 18),
  (22, 19),
  (23, 20),
  (24, 21),
  (25, 22),
  (26, 23),
  (27, 24),
  (28, 25),
  (29, 26),
  (30, 27),
  (31, 28),
  (32, 29),
  (33, 30),
  (34, 31),
  (35, 32),
  (36, 33),
  (36, 32),
  (37, 34);

INSERT INTO StudentInClub (student, club_id)
VALUES
  (0, 1),
  (1, 10),
  (2, 11),
  (3, 1),
  (4, 5),
  (9, 6),
  (10, 7),
  (11, 8),
  (12, 9),
  (13, 10),
  (14, 11),
  (15, 12),
  (16, 13),
  (17, 14),
  (18, 15),
  (19, 16),
  (20, 17),
  (21, 18),
  (22, 19),
  (23, 20),
  (24, 21),
  (25, 22),
  (26, 23),
  (27, 24),
  (28, 25),
  (29, 26),
  (30, 27),
  (31, 28),
  (32, 29),
  (33, 30),
  (34, 31),
  (35, 32),
  (36, 33),
  (36, 32),
  (37, 34);
